{
  "image": "grid_degraded.tif",
  "output": "grid_degraded_enhanced.tif",
  "shape": [
    512,
    512
  ],
  "sharpness_after": 0.24924804270267487,
  "laplacian_after": 307.0642492733896,
  "sharpness": 0.24924804270267487,
  "laplacian_variance": 307.0642492733896,
  "psnr_before": 15.283105850219727,
  "psnr_after": 16.671558380126953,
  "psnr_improvement": 1.3884525299072266,
  "ssim_before": 0.6462569832801819,
  "ssim_after": 0.7563352584838867,
  "ssim_improvement": 0.11007827520370483,
  "mse_before": 0.029627125710248947,
  "mse_after": 0.021520093083381653,
  "sharpness_before": 0.19693122804164886
}