{
  "image": "lines_degraded.tif",
  "output": "lines_degraded_enhanced.tif",
  "shape": [
    512,
    512
  ],
  "sharpness_after": 0.1866113394498825,
  "laplacian_after": 262.81673044861236,
  "sharpness": 0.1866113394498825,
  "laplacian_variance": 262.81673044861236,
  "psnr_before": 17.645036697387695,
  "psnr_after": 19.103607177734375,
  "psnr_improvement": 1.4585704803466797,
  "ssim_before": 0.8111011385917664,
  "ssim_after": 0.8612353205680847,
  "ssim_improvement": 0.05013418197631836,
  "mse_before": 0.017198733985424042,
  "mse_after": 0.012292472645640373,
  "sharpness_before": 0.1809680014848709
}