{
  "image": "mixed_degraded.tif",
  "output": "mixed_degraded_enhanced.tif",
  "shape": [
    512,
    512
  ],
  "sharpness_after": 0.1095435619354248,
  "laplacian_after": 101.4090306795988,
  "sharpness": 0.1095435619354248,
  "laplacian_variance": 101.4090306795988,
  "psnr_before": 23.112783432006836,
  "psnr_after": 24.805912017822266,
  "psnr_improvement": 1.6931285858154297,
  "ssim_before": 0.9508366584777832,
  "ssim_after": 0.966856837272644,
  "ssim_improvement": 0.01602017879486084,
  "mse_before": 0.004883393179625273,
  "mse_after": 0.0033068053890019655,
  "sharpness_before": 0.16870331764221191
}