{
  "image": "grid_degraded.tif",
  "output": "grid_degraded_enhanced.tif",
  "shape": [
    512,
    512
  ],
  "sharpness_after": 0.28878843784332275,
  "laplacian_after": 1943.5753238121397,
  "sharpness": 0.28878843784332275,
  "laplacian_variance": 1943.5753238121397,
  "psnr_before": 15.283105850219727,
  "psnr_after": 16.97486686706543,
  "psnr_improvement": 1.6917610168457031,
  "ssim_before": 0.6462569832801819,
  "ssim_after": 0.768551230430603,
  "ssim_improvement": 0.12229424715042114,
  "mse_before": 0.029627125710248947,
  "mse_after": 0.020068423822522163,
  "sharpness_before": 0.19693122804164886
}