{
  "image": "lines_degraded.tif",
  "output": "lines_degraded_enhanced.tif",
  "shape": [
    512,
    512
  ],
  "sharpness_after": 0.21617235243320465,
  "laplacian_after": 1876.4542731889378,
  "sharpness": 0.21617235243320465,
  "laplacian_variance": 1876.4542731889378,
  "psnr_before": 17.645036697387695,
  "psnr_after": 19.308008193969727,
  "psnr_improvement": 1.6629714965820312,
  "ssim_before": 0.8111011385917664,
  "ssim_after": 0.8661991357803345,
  "ssim_improvement": 0.055097997188568115,
  "mse_before": 0.017198733985424042,
  "mse_after": 0.011727329343557358,
  "sharpness_before": 0.1809680014848709
}