{
  "image": "siemens_star_degraded.tif",
  "output": "siemens_star_degraded_enhanced.tif",
  "shape": [
    512,
    512
  ],
  "sharpness_after": 0.2722616195678711,
  "laplacian_after": 1729.044605254996,
  "sharpness": 0.2722616195678711,
  "laplacian_variance": 1729.044605254996,
  "psnr_before": 17.016021728515625,
  "psnr_after": 19.427053451538086,
  "psnr_improvement": 2.411031723022461,
  "ssim_before": 0.9406634569168091,
  "ssim_after": 0.9644669890403748,
  "ssim_improvement": 0.023803532123565674,
  "mse_before": 0.019879156723618507,
  "mse_after": 0.011410238221287727,
  "sharpness_before": 0.2826731204986572
}