{
  "image": "Z9_17.jpg",
  "output": "Z9_17_enhanced.jpg",
  "shape": [
    1024,
    1024
  ],
  "sharpness_after": 0.012913772836327553,
  "laplacian_after": 321.83337593016995,
  "sharpness": 0.012913772836327553,
  "laplacian_variance": 321.83337593016995
}