{
  "image": "Z9_11.jpg",
  "output": "Z9_11_enhanced.jpg",
  "shape": [
    1024,
    1024
  ],
  "sharpness_after": 0.04106540605425835,
  "laplacian_after": 2852.5047817218333,
  "sharpness": 0.04106540605425835,
  "laplacian_variance": 2852.5047817218333
}