{
  "image": "Z9_18.jpg",
  "output": "Z9_18_enhanced.jpg",
  "shape": [
    1024,
    1024
  ],
  "sharpness_after": 0.005998283624649048,
  "laplacian_after": 41.280549099500604,
  "sharpness": 0.005998283624649048,
  "laplacian_variance": 41.280549099500604
}