{
  "image": "Z9_12.jpg",
  "output": "Z9_12_enhanced.jpg",
  "shape": [
    1024,
    1024
  ],
  "sharpness_after": 0.021997811272740364,
  "laplacian_after": 728.5607900593989,
  "sharpness": 0.021997811272740364,
  "laplacian_variance": 728.5607900593989
}