{
  "image": "Z9_16.jpg",
  "output": "Z9_16_enhanced.jpg",
  "shape": [
    1024,
    1024
  ],
  "sharpness_after": 0.011707395315170288,
  "laplacian_after": 87.1190891252736,
  "sharpness": 0.011707395315170288,
  "laplacian_variance": 87.1190891252736
}