{
  "image": "Z9_24.jpg",
  "output": "Z9_24_enhanced.jpg",
  "shape": [
    1024,
    1024
  ],
  "sharpness_after": 0.02395518869161606,
  "laplacian_after": 1302.6585365636513,
  "sharpness": 0.02395518869161606,
  "laplacian_variance": 1302.6585365636513
}