{
  "image": "Z9_29.jpg",
  "output": "Z9_29_enhanced.jpg",
  "shape": [
    1024,
    1024
  ],
  "sharpness_after": 0.03675565496087074,
  "laplacian_after": 1191.3629169156193,
  "sharpness": 0.03675565496087074,
  "laplacian_variance": 1191.3629169156193
}