{
  "image": "Z9_27.jpg",
  "output": "Z9_27_enhanced.jpg",
  "shape": [
    1024,
    1024
  ],
  "sharpness_after": 0.02805151790380478,
  "laplacian_after": 1977.0822181352219,
  "sharpness": 0.02805151790380478,
  "laplacian_variance": 1977.0822181352219
}