{
  "image": "Z9_2.jpg",
  "output": "Z9_2_enhanced.jpg",
  "shape": [
    1024,
    1024
  ],
  "sharpness_after": 0.03902500122785568,
  "laplacian_after": 3018.975178717693,
  "sharpness": 0.03902500122785568,
  "laplacian_variance": 3018.975178717693
}