{
  "image": "Z9_30.jpg",
  "output": "Z9_30_enhanced.jpg",
  "shape": [
    1024,
    1024
  ],
  "sharpness_after": 0.015727197751402855,
  "laplacian_after": 462.40576934814453,
  "sharpness": 0.015727197751402855,
  "laplacian_variance": 462.40576934814453
}