{
  "image": "Z9_32.jpg",
  "output": "Z9_32_enhanced.jpg",
  "shape": [
    1024,
    1024
  ],
  "sharpness_after": 0.03297428786754608,
  "laplacian_after": 1806.4511025502388,
  "sharpness": 0.03297428786754608,
  "laplacian_variance": 1806.4511025502388
}