{
  "image": "Z9_39.jpg",
  "output": "Z9_39_enhanced.jpg",
  "shape": [
    1024,
    1024
  ],
  "sharpness_after": 0.024662187322974205,
  "laplacian_after": 1684.3343391403905,
  "sharpness": 0.024662187322974205,
  "laplacian_variance": 1684.3343391403905
}