{
  "image": "Z9_37.jpg",
  "output": "Z9_37_enhanced.jpg",
  "shape": [
    1024,
    1024
  ],
  "sharpness_after": 0.016058603301644325,
  "laplacian_after": 279.1468782183278,
  "sharpness": 0.016058603301644325,
  "laplacian_variance": 279.1468782183278
}