{
  "image": "Z9_35.jpg",
  "output": "Z9_35_enhanced.jpg",
  "shape": [
    1024,
    1024
  ],
  "sharpness_after": 0.006370247807353735,
  "laplacian_after": 75.8392887115151,
  "sharpness": 0.006370247807353735,
  "laplacian_variance": 75.8392887115151
}