{
  "image": "Z9_43.jpg",
  "output": "Z9_43_enhanced.jpg",
  "shape": [
    1024,
    1024
  ],
  "sharpness_after": 0.018502268940210342,
  "laplacian_after": 543.3296975923716,
  "sharpness": 0.018502268940210342,
  "laplacian_variance": 543.3296975923716
}