{
  "image": "Z9_42.jpg",
  "output": "Z9_42_enhanced.jpg",
  "shape": [
    1024,
    1024
  ],
  "sharpness_after": 0.021421685814857483,
  "laplacian_after": 903.3154506664084,
  "sharpness": 0.021421685814857483,
  "laplacian_variance": 903.3154506664084
}