{
  "image": "Z9_41.jpg",
  "output": "Z9_41_enhanced.jpg",
  "shape": [
    1024,
    1024
  ],
  "sharpness_after": 0.009986511431634426,
  "laplacian_after": 473.7126445752656,
  "sharpness": 0.009986511431634426,
  "laplacian_variance": 473.7126445752656
}