{
  "image": "Z9_50.jpg",
  "output": "Z9_50_enhanced.jpg",
  "shape": [
    1024,
    1024
  ],
  "sharpness_after": 0.026027895510196686,
  "laplacian_after": 940.9276638011744,
  "sharpness": 0.026027895510196686,
  "laplacian_variance": 940.9276638011744
}