{
  "image": "Z9_55.jpg",
  "output": "Z9_55_enhanced.jpg",
  "shape": [
    1024,
    1024
  ],
  "sharpness_after": 0.04621930047869682,
  "laplacian_after": 2959.203937909357,
  "sharpness": 0.04621930047869682,
  "laplacian_variance": 2959.203937909357
}