{
  "image": "Z9_54.jpg",
  "output": "Z9_54_enhanced.jpg",
  "shape": [
    1024,
    1024
  ],
  "sharpness_after": 0.008716869167983532,
  "laplacian_after": 186.6014528273794,
  "sharpness": 0.008716869167983532,
  "laplacian_variance": 186.6014528273794
}