{
  "image": "Z9_51.jpg",
  "output": "Z9_51_enhanced.jpg",
  "shape": [
    1024,
    1024
  ],
  "sharpness_after": 0.008482648059725761,
  "laplacian_after": 64.42559623665875,
  "sharpness": 0.008482648059725761,
  "laplacian_variance": 64.42559623665875
}