{
  "image": "Z9_58.jpg",
  "output": "Z9_58_enhanced.jpg",
  "shape": [
    1024,
    1024
  ],
  "sharpness_after": 0.015201261267066002,
  "laplacian_after": 329.4854583679063,
  "sharpness": 0.015201261267066002,
  "laplacian_variance": 329.4854583679063
}