{
  "image": "Z9_57.jpg",
  "output": "Z9_57_enhanced.jpg",
  "shape": [
    1024,
    1024
  ],
  "sharpness_after": 0.016517136245965958,
  "laplacian_after": 456.63630676263705,
  "sharpness": 0.016517136245965958,
  "laplacian_variance": 456.63630676263705
}