{
  "image": "Z9_6.jpg",
  "output": "Z9_6_enhanced.jpg",
  "shape": [
    1024,
    1024
  ],
  "sharpness_after": 0.012125878594815731,
  "laplacian_after": 56.272662162576125,
  "sharpness": 0.012125878594815731,
  "laplacian_variance": 56.272662162576125
}