{
  "image": "Z9_64.jpg",
  "output": "Z9_64_enhanced.jpg",
  "shape": [
    1024,
    1024
  ],
  "sharpness_after": 0.013538490049540997,
  "laplacian_after": 191.80113123426273,
  "sharpness": 0.013538490049540997,
  "laplacian_variance": 191.80113123426273
}