{
  "image": "Z9_65.jpg",
  "output": "Z9_65_enhanced.jpg",
  "shape": [
    1024,
    1024
  ],
  "sharpness_after": 0.007924895733594894,
  "laplacian_after": 38.75595282954964,
  "sharpness": 0.007924895733594894,
  "laplacian_variance": 38.75595282954964
}