{
  "image": "Z9_63.jpg",
  "output": "Z9_63_enhanced.jpg",
  "shape": [
    1024,
    1024
  ],
  "sharpness_after": 0.010649296455085278,
  "laplacian_after": 187.21169662382454,
  "sharpness": 0.010649296455085278,
  "laplacian_variance": 187.21169662382454
}