{
  "image": "Z9_67.jpg",
  "output": "Z9_67_enhanced.jpg",
  "shape": [
    1024,
    1024
  ],
  "sharpness_after": 0.026271292939782143,
  "laplacian_after": 1642.4861802938672,
  "sharpness": 0.026271292939782143,
  "laplacian_variance": 1642.4861802938672
}