{
  "image": "Z9_68.jpg",
  "output": "Z9_68_enhanced.jpg",
  "shape": [
    1024,
    1024
  ],
  "sharpness_after": 0.007121960632503033,
  "laplacian_after": 53.9915447182575,
  "sharpness": 0.007121960632503033,
  "laplacian_variance": 53.9915447182575
}