{
  "image": "Z9_62.jpg",
  "output": "Z9_62_enhanced.jpg",
  "shape": [
    1024,
    1024
  ],
  "sharpness_after": 0.020551376044750214,
  "laplacian_after": 229.3224124863882,
  "sharpness": 0.020551376044750214,
  "laplacian_variance": 229.3224124863882
}