{
  "image": "Z9_71.jpg",
  "output": "Z9_71_enhanced.jpg",
  "shape": [
    1024,
    1024
  ],
  "sharpness_after": 0.017059579491615295,
  "laplacian_after": 299.68005847675386,
  "sharpness": 0.017059579491615295,
  "laplacian_variance": 299.68005847675386
}