{
  "image": "Z9_74.jpg",
  "output": "Z9_74_enhanced.jpg",
  "shape": [
    1024,
    1024
  ],
  "sharpness_after": 0.0034471238031983376,
  "laplacian_after": 19.445909500031117,
  "sharpness": 0.0034471238031983376,
  "laplacian_variance": 19.445909500031117
}