{
  "image": "Z9_72.jpg",
  "output": "Z9_72_enhanced.jpg",
  "shape": [
    1024,
    1024
  ],
  "sharpness_after": 0.019090872257947922,
  "laplacian_after": 684.0143890356267,
  "sharpness": 0.019090872257947922,
  "laplacian_variance": 684.0143890356267
}