{
  "image": "Z9_76.jpg",
  "output": "Z9_76_enhanced.jpg",
  "shape": [
    1024,
    1024
  ],
  "sharpness_after": 0.02195260114967823,
  "laplacian_after": 718.0433368576778,
  "sharpness": 0.02195260114967823,
  "laplacian_variance": 718.0433368576778
}