{
  "image": "Z9_78.jpg",
  "output": "Z9_78_enhanced.jpg",
  "shape": [
    1024,
    1024
  ],
  "sharpness_after": 0.005834760144352913,
  "laplacian_after": 37.42153072357086,
  "sharpness": 0.005834760144352913,
  "laplacian_variance": 37.42153072357086
}