{
  "image": "Z9_87.jpg",
  "output": "Z9_87_enhanced.jpg",
  "shape": [
    1024,
    1024
  ],
  "sharpness_after": 0.009574231691658497,
  "laplacian_after": 68.99449348448252,
  "sharpness": 0.009574231691658497,
  "laplacian_variance": 68.99449348448252
}