{
  "image": "Z9_85.jpg",
  "output": "Z9_85_enhanced.jpg",
  "shape": [
    1024,
    1024
  ],
  "sharpness_after": 0.010613223537802696,
  "laplacian_after": 106.229462623442,
  "sharpness": 0.010613223537802696,
  "laplacian_variance": 106.229462623442
}