{
  "image": "Z9_8.jpg",
  "output": "Z9_8_enhanced.jpg",
  "shape": [
    1024,
    1024
  ],
  "sharpness_after": 0.024725893512368202,
  "laplacian_after": 1339.2449750192375,
  "sharpness": 0.024725893512368202,
  "laplacian_variance": 1339.2449750192375
}