{
  "image": "Z9_84.jpg",
  "output": "Z9_84_enhanced.jpg",
  "shape": [
    1024,
    1024
  ],
  "sharpness_after": 0.012202384881675243,
  "laplacian_after": 120.21485137857599,
  "sharpness": 0.012202384881675243,
  "laplacian_variance": 120.21485137857599
}