{
  "image": "Z9_83.jpg",
  "output": "Z9_83_enhanced.jpg",
  "shape": [
    1024,
    1024
  ],
  "sharpness_after": 0.029801443219184875,
  "laplacian_after": 1991.8166731711824,
  "sharpness": 0.029801443219184875,
  "laplacian_variance": 1991.8166731711824
}