{
  "image": "Z9_94.jpg",
  "output": "Z9_94_enhanced.jpg",
  "shape": [
    1024,
    1024
  ],
  "sharpness_after": 0.030697787180542946,
  "laplacian_after": 2195.687618238306,
  "sharpness": 0.030697787180542946,
  "laplacian_variance": 2195.687618238306
}