{
  "image": "Z9_91.jpg",
  "output": "Z9_91_enhanced.jpg",
  "shape": [
    1024,
    1024
  ],
  "sharpness_after": 0.03190614655613899,
  "laplacian_after": 1545.7566165779654,
  "sharpness": 0.03190614655613899,
  "laplacian_variance": 1545.7566165779654
}