{
  "image": "Z9_92.jpg",
  "output": "Z9_92_enhanced.jpg",
  "shape": [
    1024,
    1024
  ],
  "sharpness_after": 0.04266607388854027,
  "laplacian_after": 2470.2910028674028,
  "sharpness": 0.04266607388854027,
  "laplacian_variance": 2470.2910028674028
}