{
  "image": "Z9_90.jpg",
  "output": "Z9_90_enhanced.jpg",
  "shape": [
    1024,
    1024
  ],
  "sharpness_after": 0.009396910667419434,
  "laplacian_after": 105.20837688307648,
  "sharpness": 0.009396910667419434,
  "laplacian_variance": 105.20837688307648
}