{
  "image": "Z9_9.jpg",
  "output": "Z9_9_enhanced.jpg",
  "shape": [
    1024,
    1024
  ],
  "sharpness_after": 0.007134112995117903,
  "laplacian_after": 153.00764751266087,
  "sharpness": 0.007134112995117903,
  "laplacian_variance": 153.00764751266087
}