{
  "image": "degraded.tif",
  "output": "degraded_enhanced.tif",
  "shape": [
    512,
    512
  ],
  "psnr_before": 27.548093795776367,
  "psnr_after": 31.385934829711914,
  "psnr_improvement": 3.837841033935547,
  "ssim_before": 0.847122848033905,
  "ssim_after": 0.933534562587738,
  "ssim_improvement": 0.08641171455383301,
  "mse_before": 0.0017586949979886413,
  "mse_after": 0.0007267859764397144,
  "sharpness_before": 0.012116245925426483,
  "sharpness_after": 0.01559961773455143,
  "sharpness_improvement": 0.0034833718091249466,
  "laplacian_before": 0.84796142578125,
  "laplacian_after": 19.757728576660156,
  "laplacian_improvement": 18.909767150878906
}