{
  "image": "blurred.tif",
  "output": "blurred_enhanced.tif",
  "shape": [
    512,
    512
  ],
  "sharpness_after": 0.03133983910083771,
  "laplacian_after": 97.3980484008789,
  "sharpness": 0.03133983910083771,
  "laplacian_variance": 97.3980484008789,
  "tenengrad_sharpness": 1921.7144923871206
}