{
  "experiment_name": "deconv_rl_known",
  "config_file": "configs\\deconv_rl_known.yaml",
  "timestamp": "2025-11-11T17:48:46.784608",
  "total_images": 1,
  "processing_time_seconds": 3.889065742492676,
  "avg_time_per_image_seconds": 3.889065742492676,
  "output_directory": "B:\\Academia\\Projects\\Reconstruction imaging\\data\\processed\\deconv_rl_known",
  "avg_sharpness_before": 0.21981032192707062,
  "avg_sharpness_after": 0.23808366060256958,
  "avg_sharpness_improvement": 0.018273338675498962,
  "avg_laplacian_before": 215.05837462842464,
  "avg_laplacian_after": 2305.023593435937,
  "avg_laplacian_improvement": 2089.9652188075124,
  "avg_psnr_before": 21.680299758911133,
  "avg_psnr_after": 26.800477981567383,
  "avg_psnr_improvement": 5.12017822265625,
  "avg_ssim_before": 0.9866288900375366,
  "avg_ssim_after": 0.9959221482276917,
  "avg_ssim_improvement": 0.00929325819015503,
  "individual_results": [
    {
      "image": "degraded.tif",
      "output": "degraded_enhanced.tif",
      "shape": [
        512,
        512
      ],
      "psnr_before": 21.680299758911133,
      "psnr_after": 26.800477981567383,
      "psnr_improvement": 5.12017822265625,
      "ssim_before": 0.9866288900375366,
      "ssim_after": 0.9959221482276917,
      "ssim_improvement": 0.00929325819015503,
      "mse_before": 0.006791568361222744,
      "mse_after": 0.002089066430926323,
      "sharpness_before": 0.21981032192707062,
      "sharpness_after": 0.23808366060256958,
      "sharpness_improvement": 0.018273338675498962,
      "laplacian_before": 215.05837462842464,
      "laplacian_after": 2305.023593435937,
      "laplacian_improvement": 2089.9652188075124
    }
  ]
}