{
  "experiment_name": "rl_noisy_optimized",
  "config_file": "configs\\deconv_rl_tv_optimized.yaml",
  "timestamp": "2025-11-11T17:49:18.632620",
  "total_images": 1,
  "processing_time_seconds": 1.9839932918548584,
  "avg_time_per_image_seconds": 1.9839932918548584,
  "output_directory": "B:\\Academia\\Projects\\Reconstruction imaging\\data\\processed\\rl_noisy_optimized",
  "avg_sharpness_before": 0.550955593585968,
  "avg_sharpness_after": 0.39828547835350037,
  "avg_sharpness_improvement": -0.15267011523246765,
  "avg_laplacian_before": 24661.16676624841,
  "avg_laplacian_after": 5902.93535445485,
  "avg_laplacian_improvement": -18758.23141179356,
  "avg_psnr_before": 14.651909828186035,
  "avg_psnr_after": 18.008256912231445,
  "avg_psnr_improvement": 3.35634708404541,
  "avg_ssim_before": 0.9385105967521667,
  "avg_ssim_after": 0.9823428392410278,
  "avg_ssim_improvement": 0.043832242488861084,
  "individual_results": [
    {
      "image": "degraded.tif",
      "output": "degraded_enhanced.tif",
      "shape": [
        512,
        512
      ],
      "psnr_before": 14.651909828186035,
      "psnr_after": 18.008256912231445,
      "psnr_improvement": 3.35634708404541,
      "ssim_before": 0.9385105967521667,
      "ssim_after": 0.9823428392410278,
      "ssim_improvement": 0.043832242488861084,
      "mse_before": 0.03426170349121094,
      "mse_after": 0.015818823128938675,
      "sharpness_before": 0.550955593585968,
      "sharpness_after": 0.39828547835350037,
      "sharpness_improvement": -0.15267011523246765,
      "laplacian_before": 24661.16676624841,
      "laplacian_after": 5902.93535445485,
      "laplacian_improvement": -18758.23141179356
    }
  ]
}