{
  "image": "degraded.tif",
  "output": "degraded_enhanced.tif",
  "shape": [
    512,
    512
  ],
  "psnr_before": 21.680299758911133,
  "psnr_after": 26.79023551940918,
  "psnr_improvement": 5.109935760498047,
  "ssim_before": 0.9866288900375366,
  "ssim_after": 0.9959003925323486,
  "ssim_improvement": 0.009271502494812012,
  "mse_before": 0.006791568361222744,
  "mse_after": 0.0020939994137734175,
  "sharpness_before": 0.21981032192707062,
  "sharpness_after": 0.23802416026592255,
  "sharpness_improvement": 0.01821383833885193,
  "laplacian_before": 215.05837462842464,
  "laplacian_after": 2278.1395290261135,
  "laplacian_improvement": 2063.081154397689
}