{
  "image": "lines_degraded.tif",
  "output": "lines_degraded_enhanced.tif",
  "shape": [
    512,
    512
  ],
  "sharpness_after": 0.1919488161802292,
  "laplacian_after": 480.74537261178193,
  "sharpness": 0.1919488161802292,
  "laplacian_variance": 480.74537261178193,
  "psnr_before": 17.645036697387695,
  "psnr_after": 17.799694061279297,
  "psnr_improvement": 0.15465736389160156,
  "ssim_before": 0.8111011385917664,
  "ssim_after": 0.8184537887573242,
  "ssim_improvement": 0.007352650165557861,
  "mse_before": 0.017198733985424042,
  "mse_after": 0.016597041860222816,
  "sharpness_before": 0.1809680014848709
}