{
  "image": "mixed_degraded.tif",
  "output": "mixed_degraded_enhanced.tif",
  "shape": [
    512,
    512
  ],
  "sharpness_after": 0.18602488934993744,
  "laplacian_after": 850.9179779693804,
  "sharpness": 0.18602488934993744,
  "laplacian_variance": 850.9179779693804,
  "psnr_before": 23.112783432006836,
  "psnr_after": 23.212003707885742,
  "psnr_improvement": 0.09922027587890625,
  "ssim_before": 0.9508366584777832,
  "ssim_after": 0.9519437551498413,
  "ssim_improvement": 0.0011070966720581055,
  "mse_before": 0.004883393179625273,
  "mse_after": 0.004773090127855539,
  "sharpness_before": 0.16870331764221191
}