{
  "image": "blurred.tif",
  "output": "blurred_enhanced.tif",
  "shape": [
    512,
    512
  ],
  "sharpness_after": 0.24344700574874878,
  "laplacian_after": 909.9783172607422,
  "sharpness": 0.24344700574874878,
  "laplacian_variance": 909.9783172607422,
  "brenner_sharpness": 2500.44189453125
}